<?xml version="1.0" encoding="UTF-8"?>
  <sales>
    <region year="2013">
	  <territory>Northeast</territory>
	  <employees>150</employees>
	  <amount>115,000</amount>
	</region>
    <region year="2013">
	  <territory>Southeast</territory>
	  <employees>125</employees>
	  <amount>95,000</amount>
	</region>
    <region year="2013">
	  <territory>Midwest</territory>
	  <employees>225</employees>
	  <amount>195,000</amount>
	</region>
    <region year="2013">
	  <territory>West</territory>
	  <employees>325</employees>
	  <amount>265,000</amount>
	</region>
  </sales>