"Store Name","Address","City","State","Postal Code","Hours"
"Cindy's Art Gallery","6410 Cindy Lane","Beverly Hills","CA","90212","9:00-5:00 Monday to Friday"
"Mudgee Art","1001 Mark Ave","San Francisco","CA","94123","9:00-4:30 Monday to Friday"
"Carpinteria Galleria","6321 Carpinteria Ave","Carpinteria","CA","93013","9:00-5:00 Monday to Friday"
"Nirvana","153-155 Maitland Street","Ventura","CA","93003","9:00-9:00, 7 days"
"Cindy's Art Annex","6398 Cindy Lane","Oxnard","CA","93033","09:00-16:30  Monday to Friday"
"Via Real 3D","6392 Via Real","Carpinteria","CA","93013","08:30 -16:30  Monday to Friday"
