<?xml version="1.0" encoding="UTF-8"?>
<!--
/*******************************************************************************
* Copyright (c) 2005, 2007 Naci Dai, Lawrence Mandel, and Arthur Ryman.
* All rights reserved. This program and the accompanying materials
* are made available under the terms of the Eclipse Public License v1.0
* which accompanies this distribution, and is available at
* http://www.eclipse.org/legal/epl-v10.html
*
* This sample developed for the book
*     Eclipse Web Tools Platform: Developing Java Web Applications
* See http://eclipsewtp.org
*******************************************************************************/
-->
<schedule scheduleId="1"
	xmlns="http://leagueplanet.com/resource/schedule"
	xmlns:xsi="http://www.w3.org/2001/XMLSchema-instance"
	xsi:schemaLocation="http://leagueplanet.com/resource/schedule schedule.xsd">
	<name>2005-2006 Regular Season</name>
	<league leagueId="1">
		<name>Rosehill Girls Hockey League</name>
	</league>
	<games>
		<game gameId="1">
			<dateTime>2006-01-07T19:00:00-05:00</dateTime>
			<arena locationId="1">
				<name>Hillview High School</name>
				<timeZone>Canada/Eastern</timeZone>
			</arena>
			<visitor teamId="1">
				<name>Ladybugs</name>
			</visitor>
			<home teamId="2">
				<name>Vixens</name>
			</home>
			<score>
				<visitor>3</visitor>
				<home>7</home>
			</score>
		</game>
		<game gameId="2">
			<dateTime>2006-01-07T21:00:00-05:00</dateTime>
			<arena locationId="1">
				<name>Hillview High School</name>
				<timeZone>Canada/Eastern</timeZone>
			</arena>
			<visitor teamId="3">
				<name>Snowflakes</name>
			</visitor>
			<home teamId="4">
				<name>Foxes</name>
			</home>
			<score>
				<visitor>5</visitor>
				<home>2</home>
			</score>
		</game>
		<game gameId="3">
			<dateTime>2006-01-08T19:30:00-05:00</dateTime>
			<arena locationId="2">
				<name>Maple Community Centre</name>
				<timeZone>Canada/Eastern</timeZone>
			</arena>
			<visitor teamId="2">
				<name>Vixens</name>
			</visitor>
			<home teamId="4">
				<name>Foxes</name>
			</home>
			<score>
				<visitor>3</visitor>
				<home>5</home>
			</score>
		</game>
		<game gameId="4">
			<dateTime>2006-01-08T21:30:00-05:00</dateTime>
			<arena locationId="2">
				<name>Maple Community Centre</name>
				<timeZone>Canada/Eastern</timeZone>
			</arena>
			<visitor teamId="3">
				<name>Snowflakes</name>
			</visitor>
			<home teamId="1">
				<name>Ladybugs</name>
			</home>
			<score>
				<visitor>0</visitor>
				<home>4</home>
			</score>
		</game>
		<game gameId="5">
			<dateTime>2006-01-14T19:00:00-05:00</dateTime>
			<arena locationId="1">
				<name>Hillview High School</name>
				<timeZone>Canada/Eastern</timeZone>
			</arena>
			<visitor teamId="3">
				<name>Snowflakes</name>
			</visitor>
			<home teamId="2">
				<name>Vixens</name>
			</home>
			<score>
				<visitor>10</visitor>
				<home>4</home>
			</score>
		</game>
		<game gameId="6">
			<dateTime>2006-01-21T19:00:00-05:00</dateTime>
			<arena locationId="1">
				<name>Hillview High School</name>
				<timeZone>Canada/Eastern</timeZone>
			</arena>
			<visitor teamId="4">
				<name>Foxes</name>
			</visitor>
			<home teamId="1">
				<name></name>
			</home>
			<score>
				<visitor>3</visitor>
				<home>3</home>
			</score>
		</game>
		<game gameId="7">
			<dateTime>2006-01-22T19:30:00-05:00</dateTime>
			<arena locationId="2">
				<name>Maple Community Centre</name>
				<timeZone>Canada/Eastern</timeZone>
			</arena>
			<visitor teamId="3">
				<name>Snowflakes</name>
			</visitor>
			<home teamId="2">
				<name>Vixens</name>
			</home>
			<score>
				<visitor>2</visitor>
				<home>6</home>
			</score>
		</game>
	</games>
</schedule>

