<?xml version="1.0" encoding="UTF-8"?>
<!--
/*******************************************************************************
* Copyright (c) 2005, 2007 Naci Dai, Lawrence Mandel, and Arthur Ryman.
* All rights reserved. This program and the accompanying materials
* are made available under the terms of the Eclipse Public License v1.0
* which accompanies this distribution, and is available at
* http://www.eclipse.org/legal/epl-v10.html
*
* This sample developed for the book
*     Eclipse Web Tools Platform: Developing Java Web Applications
* See http://eclipsewtp.org
*******************************************************************************/
-->
<?xml-stylesheet type="text/xsl" href="schedule.xsl"?>
<!DOCTYPE schedule SYSTEM "schedule.dtd">
<schedule>
	<league>Rosehill Girls Hockey League</league>
	<name>2005-2006 Regular Season</name>
	<games>
		<game>
			<date>Jan. 7, 2006</date>
			<time>7:00 PM</time>
			<arena>Hillview High School</arena>
			<visitor>Ladybugs</visitor>
			<home>Vixens</home>
			<score>3-7</score>
		</game>
		<game>
			<date>Jan. 7, 2006</date>
			<time>9:00 PM</time>
			<arena>Hillview High School</arena>
			<visitor>Snowflakes</visitor>
			<home>Foxes</home>
			<score>5-2</score>
		</game>
		<game>
			<date>Jan. 8, 2006</date>
			<time>7:30 PM</time>
			<arena>Maple Community Centre</arena>
			<visitor>Vixens</visitor>
			<home>Foxes</home>
			<score>3-5</score>
		</game>
		<game>
			<date>Jan. 8, 2006</date>
			<time>9:30 PM</time>
			<arena>Maple Community Centre</arena>
			<visitor>Snowflakes</visitor>
			<home>Ladybugs</home>
			<score>0-4</score>
		</game>
		<game>
			<date>Jan. 14, 2006</date>
			<time>7:00 PM</time>
			<arena>Hillview High School</arena>
			<visitor>Snowflakes</visitor>
			<home>Vixens</home>
			<score>10-4</score>
		</game>
		<game>
			<date>Jan. 21, 2006</date>
			<time>7:00 PM</time>
			<arena>Hillview High School</arena>
			<visitor>Foxes</visitor>
			<home>Ladybugs</home>
			<score>3-3</score>
		</game>
		<game>
			<date>Jan. 22, 2006</date>
			<time>7:30 PM</time>
			<arena>Maple Community Centre</arena>
			<visitor>Snowflakes</visitor>
			<home>Vixens</home>
			<score>2-6</score>
		</game>
	</games>
</schedule>
